person_ID,firstname,lastname,age,prevJobs,friendsID,hobbies,email,nationality
34530,magdi,abd elrahman,35,"Agricultural Engineers,Wind Energy Engineers",,"competitive programming,competitive programming",,egyptian
32967,samir,tamer,84,"Fuel Cell Engineers,Materials Engineers",,,samirtamer1626@gmail.com,syrian
35477,eslam,rashad,74,,,football,rashadeslam6970@yahoo.com,iraqi
15387,ali,eslam,,Electro-Mechanical Technicians,,"football,camping",eslamali1859@gmail.com,iraqi
29418,ehab,maher,,"Agricultural Engineers,Marine Engineers",,"cooking,swimming",,syrian
24031,yosra,ibrahim,,,"3,453,032,967","swimming,football",,lebanese
20720,mona,Arshd,,"Chemical Engineers,Petroleum Engineers","3,908,331,102",,,moroccan
25601,yosra,ibrahim,38,,"3,958,821,486",,yosraibrahim4119@hotmail.com,lebanese
10625,mai,mazen,,"Civil Engineers,Nanotechnology Engineering Technicians","3,908,331,102",cooking,mazenmai7201@yahoo.com,iraqi
10307,sanaa,samy,,,"3,908,331,102",football,,syrian
23042,rashad,amer,33,Electrical Engineers,"3,908,331,102",competitive programming,amerrashad2991@gmail.com,moroccan
27055,shady,Arshd,69,,"4,580,039,209","swimming,swimming",shadyArshd6821@yahoo.com,lebanese
41590,ibrahim,tamer,21,,"4,580,039,209",,ibrahimtamer1165@gmail.com,iraqi
35404,abd elrahman,Arshd,31,,"4,580,039,209","reading,drawing",,lebanese
20906,tamer,ehab,59,"Water/Wastewater Engineers,Manufacturing Engineering Technologists",,,,iraqi
10809,yosra,hosny,,,"4,580,039,209","tennis,tennis",yosrahosny2683@yahoo.com,lebanese
29408,ibrahim,hatem,58,Manufacturing Engineers,,"reading,watching movies",,jordanian
45309,ibrahim,abd allah,50,"Civil Engineers,Manufacturing Engineering Technologists","1,080,910,307","tennis,football",abd allahibrahim1889@yahoo.com,egyptian
28101,tamer,hatem,22,Manufacturing Engineering Technologists,6726,,tamerhatem2412@yahoo.com,egyptian
45800,eyad,rami,,Aerospace Engineering and Operations Technicians,,tennis,ramieyad4618@gmail.com,lebanese
28905,mohamed,samy,36,"Photonics Engineers,Robotics Technicians","1,080,910,307","tennis,drawing",mohamedsamy1768@gmail.com,egyptian
22504,amera,tarek,30,Aerospace Engineers,"1,080,910,307","cooking,swimming",tarekamera6693@gmail.com,iraqi
23809,rana,omar,,"Electrical Drafters,Drafters, All Other",34530,swimming,ranaomar3156@hotmail.com,iraqi
16909,amr,abd allah,73,Electronics Engineering Technicians,"1,080,910,307",,,iraqi
15607,rana,abd allah,76,"Electrical Drafters,Electromechanical Engineering Technologists",34530,"gaming,swimming",ranaabd allah4889@yahoo.com,jordanian
30606,sameh,mohamed,,Industrial Engineering Technologists,"4,580,039,209",gaming,samehmohamed5011@yahoo.com,jordanian
24206,amar,abd allah,38,"Electronics Engineers, Except Computer,Aerospace Engineering and Operations Technicians",34530,"gaming,watching movies",,lebanese
22107,omar,hatem,42,,"3,453,032,967","tennis,reading",,lebanese
19608,hatem,ibrahim,59,,"3,453,032,967","gaming,competitive programming",hatemibrahim550@gmail.com,egyptian
30120,Arshd,omar,88,"Cartographers and Photogrammetrists,Surveying Technicians",4735,,Arshdomar3537@yahoo.com,syrian
18204,rawan,rami,28,Mechanical Engineers,,"tennis,gaming",,moroccan
39209,rashad,magdi,,Environmental Engineers,"3,453,032,967",,,egyptian
26802,rana,ehab,,,"3,453,032,967",drawing,,lebanese
31102,rawan,rashad,73,Human Factors Engineers and Ergonomists,"3,453,032,967","camping,swimming",rawanrashad5334@hotmail.com,iraqi
23083,eslam,rashad,47,Surveying Technicians,"3,958,821,486",tennis,rashadeslam1194@gmail.com,jordanian
39083,aya,shady,31,,,football,ayashady1485@hotmail.com,jordanian
30985,hosny,tamer,35,,,football,hosnytamer1462@gmail.com,syrian
23883,yosra,rami,16,,,drawing,ramiyosra3504@yahoo.com,moroccan
21486,gehad,samir,,,,"swimming,drawing",samirgehad6106@hotmail.com,moroccan
39588,amar,mazen,46,Robotics Engineers,,"gaming,football",,syrian
